{"cameraMode":{"drawMode":0,"name":"Shaded","section":"Shading Mode"},"sceneLighting":false,"audioPlay":false,"sceneViewState":{"m_AlwaysRefresh":false,"showFog":true,"showSkybox":false,"showFlares":true,"showImageEffects":true,"showParticleSystems":true,"showVisualEffectGraphs":true,"m_FxEnabled":true},"in2DMode":false,"pivot":{"x":-0.024570362642407419,"y":0.36470329761505129,"z":1.1637520790100098},"rotation":{"x":-0.09668263047933579,"y":0.035346340388059619,"z":-0.0034940375480800869,"w":-0.9946414232254028},"size":1.3987797498703004,"orthographic":false}