{"cameraMode":{"drawMode":0,"name":"Shaded","section":"Shading Mode"},"sceneLighting":true,"audioPlay":false,"sceneViewState":{"m_AlwaysRefresh":false,"showFog":true,"showSkybox":true,"showFlares":true,"showImageEffects":true,"showParticleSystems":true,"showVisualEffectGraphs":true,"m_FxEnabled":true},"in2DMode":false,"pivot":{"x":-0.43958887457847597,"y":-1.8659565448760987,"z":11.3838472366333},"rotation":{"x":-0.12334833294153214,"y":0.05977408215403557,"z":-0.0075325388461351398,"w":-0.9904880523681641},"size":12.12435531616211,"orthographic":false}