{"cameraMode":{"drawMode":0,"name":"Shaded","section":"Shading Mode"},"sceneLighting":true,"audioPlay":false,"sceneViewState":{"m_AlwaysRefresh":false,"showFog":true,"showSkybox":true,"showFlares":true,"showImageEffects":true,"showParticleSystems":true,"showVisualEffectGraphs":true,"m_FxEnabled":true},"in2DMode":false,"pivot":{"x":0.5209213495254517,"y":1.1404345035552979,"z":0.08333230018615723},"rotation":{"x":0.000875774712767452,"y":0.9955306053161621,"z":-0.09373094141483307,"w":0.008513292297720909},"size":1.2247449159622193,"orthographic":false}