{"cameraMode":{"drawMode":0,"name":"Shaded","section":"Shading Mode"},"sceneLighting":true,"audioPlay":false,"sceneViewState":{"m_AlwaysRefresh":false,"showFog":true,"showSkybox":true,"showFlares":true,"showImageEffects":true,"showParticleSystems":true,"showVisualEffectGraphs":true,"m_FxEnabled":true},"in2DMode":false,"pivot":{"x":-4.241022109985352,"y":-0.46406951546669009,"z":-18.457983016967775},"rotation":{"x":0.004286228679120541,"y":-0.9949878454208374,"z":0.050197821110486987,"w":0.08601807802915573},"size":12.12435531616211,"orthographic":false}