{"cameraMode":{"drawMode":0,"name":"Shaded","section":"Shading Mode"},"sceneLighting":true,"audioPlay":false,"sceneViewState":{"m_AlwaysRefresh":false,"showFog":true,"showSkybox":true,"showFlares":true,"showImageEffects":true,"showParticleSystems":true,"showVisualEffectGraphs":true,"m_FxEnabled":true},"in2DMode":false,"pivot":{"x":-0.14830324053764344,"y":1.7271568775177003,"z":-7.132272720336914},"rotation":{"x":-0.08626027405261994,"y":0.010308977216482163,"z":-0.0009635998867452145,"w":-0.9961876273155212},"size":1.2247449159622193,"orthographic":false}