{"cameraMode":{"drawMode":0,"name":"Shaded","section":"Shading Mode"},"sceneLighting":false,"audioPlay":false,"sceneViewState":{"m_AlwaysRefresh":false,"showFog":true,"showSkybox":false,"showFlares":true,"showImageEffects":true,"showParticleSystems":true,"showVisualEffectGraphs":true,"m_FxEnabled":true},"in2DMode":false,"pivot":{"x":0.6481625437736511,"y":0.10187087953090668,"z":0.6791046261787415},"rotation":{"x":0.16475285589694978,"y":0.37821778655052187,"z":-0.06852299720048905,"w":0.9083214402198792},"size":1.0944280624389649,"orthographic":false}